strategy_key,name,commodity,total_trades,total_return_pct,win_rate_pct,max_drawdown_pct,is_baseline,error
commodity_gold_winning,Gold Winning Strategy - 4% SL / 8% TP,GOLD,26.0,2.2995516714999393,,0.024103604392980187,True,
step1_ichimoku_Ichimoku_T9_K26_SB52_ADX15,,GOLD,,,,,False,"""Strategy key 'step1_ichimoku_Ichimoku_T9_K26_SB52_ADX15' not found in /Users/andrey/GitHub_projects/BacktestBot/config/strategies.yaml"""
step1_ichimoku_Ichimoku_T9_K26_SB52_ADX20,,GOLD,,,,,False,"""Strategy key 'step1_ichimoku_Ichimoku_T9_K26_SB52_ADX20' not found in /Users/andrey/GitHub_projects/BacktestBot/config/strategies.yaml"""
step1_ichimoku_Ichimoku_T9_K26_SB52_ADX25,,GOLD,,,,,False,"""Strategy key 'step1_ichimoku_Ichimoku_T9_K26_SB52_ADX25' not found in /Users/andrey/GitHub_projects/BacktestBot/config/strategies.yaml"""
step1_ichimoku_Ichimoku_T9_K26_SB52_ADXNone,,GOLD,,,,,False,"""Strategy key 'step1_ichimoku_Ichimoku_T9_K26_SB52_ADXNone' not found in /Users/andrey/GitHub_projects/BacktestBot/config/strategies.yaml"""
step1_ichimoku_Ichimoku_T9_K26_SB60_ADX15,,GOLD,,,,,False,"""Strategy key 'step1_ichimoku_Ichimoku_T9_K26_SB60_ADX15' not found in /Users/andrey/GitHub_projects/BacktestBot/config/strategies.yaml"""
step1_ichimoku_Ichimoku_T9_K26_SB60_ADX20,,GOLD,,,,,False,"""Strategy key 'step1_ichimoku_Ichimoku_T9_K26_SB60_ADX20' not found in /Users/andrey/GitHub_projects/BacktestBot/config/strategies.yaml"""
step1_ichimoku_Ichimoku_T9_K26_SB60_ADX25,,GOLD,,,,,False,"""Strategy key 'step1_ichimoku_Ichimoku_T9_K26_SB60_ADX25' not found in /Users/andrey/GitHub_projects/BacktestBot/config/strategies.yaml"""
step1_ichimoku_Ichimoku_T9_K26_SB60_ADXNone,,GOLD,,,,,False,"""Strategy key 'step1_ichimoku_Ichimoku_T9_K26_SB60_ADXNone' not found in /Users/andrey/GitHub_projects/BacktestBot/config/strategies.yaml"""
step1_ichimoku_Ichimoku_T9_K26_SB65_ADX15,,GOLD,,,,,False,"""Strategy key 'step1_ichimoku_Ichimoku_T9_K26_SB65_ADX15' not found in /Users/andrey/GitHub_projects/BacktestBot/config/strategies.yaml"""
step1_ichimoku_Ichimoku_T9_K26_SB65_ADX20,,GOLD,,,,,False,"""Strategy key 'step1_ichimoku_Ichimoku_T9_K26_SB65_ADX20' not found in /Users/andrey/GitHub_projects/BacktestBot/config/strategies.yaml"""
step1_ichimoku_Ichimoku_T9_K26_SB65_ADX25,,GOLD,,,,,False,"""Strategy key 'step1_ichimoku_Ichimoku_T9_K26_SB65_ADX25' not found in /Users/andrey/GitHub_projects/BacktestBot/config/strategies.yaml"""
step1_ichimoku_Ichimoku_T9_K26_SB65_ADXNone,,GOLD,,,,,False,"""Strategy key 'step1_ichimoku_Ichimoku_T9_K26_SB65_ADXNone' not found in /Users/andrey/GitHub_projects/BacktestBot/config/strategies.yaml"""
step1_ichimoku_Ichimoku_T9_K30_SB52_ADX15,,GOLD,,,,,False,"""Strategy key 'step1_ichimoku_Ichimoku_T9_K30_SB52_ADX15' not found in /Users/andrey/GitHub_projects/BacktestBot/config/strategies.yaml"""
step1_ichimoku_Ichimoku_T9_K30_SB52_ADX20,,GOLD,,,,,False,"""Strategy key 'step1_ichimoku_Ichimoku_T9_K30_SB52_ADX20' not found in /Users/andrey/GitHub_projects/BacktestBot/config/strategies.yaml"""
step1_ichimoku_Ichimoku_T9_K30_SB52_ADX25,,GOLD,,,,,False,"""Strategy key 'step1_ichimoku_Ichimoku_T9_K30_SB52_ADX25' not found in /Users/andrey/GitHub_projects/BacktestBot/config/strategies.yaml"""
step1_ichimoku_Ichimoku_T9_K30_SB52_ADXNone,,GOLD,,,,,False,"""Strategy key 'step1_ichimoku_Ichimoku_T9_K30_SB52_ADXNone' not found in /Users/andrey/GitHub_projects/BacktestBot/config/strategies.yaml"""
step1_ichimoku_Ichimoku_T9_K30_SB60_ADX15,,GOLD,,,,,False,"""Strategy key 'step1_ichimoku_Ichimoku_T9_K30_SB60_ADX15' not found in /Users/andrey/GitHub_projects/BacktestBot/config/strategies.yaml"""
step1_ichimoku_Ichimoku_T9_K30_SB60_ADX20,,GOLD,,,,,False,"""Strategy key 'step1_ichimoku_Ichimoku_T9_K30_SB60_ADX20' not found in /Users/andrey/GitHub_projects/BacktestBot/config/strategies.yaml"""
step1_ichimoku_Ichimoku_T9_K30_SB60_ADX25,,GOLD,,,,,False,"""Strategy key 'step1_ichimoku_Ichimoku_T9_K30_SB60_ADX25' not found in /Users/andrey/GitHub_projects/BacktestBot/config/strategies.yaml"""
step1_ichimoku_Ichimoku_T9_K30_SB60_ADXNone,,GOLD,,,,,False,"""Strategy key 'step1_ichimoku_Ichimoku_T9_K30_SB60_ADXNone' not found in /Users/andrey/GitHub_projects/BacktestBot/config/strategies.yaml"""
step1_ichimoku_Ichimoku_T9_K30_SB65_ADX15,,GOLD,,,,,False,"""Strategy key 'step1_ichimoku_Ichimoku_T9_K30_SB65_ADX15' not found in /Users/andrey/GitHub_projects/BacktestBot/config/strategies.yaml"""
step1_ichimoku_Ichimoku_T9_K30_SB65_ADX20,,GOLD,,,,,False,"""Strategy key 'step1_ichimoku_Ichimoku_T9_K30_SB65_ADX20' not found in /Users/andrey/GitHub_projects/BacktestBot/config/strategies.yaml"""
step1_ichimoku_Ichimoku_T9_K30_SB65_ADX25,,GOLD,,,,,False,"""Strategy key 'step1_ichimoku_Ichimoku_T9_K30_SB65_ADX25' not found in /Users/andrey/GitHub_projects/BacktestBot/config/strategies.yaml"""
step1_ichimoku_Ichimoku_T9_K30_SB65_ADXNone,,GOLD,,,,,False,"""Strategy key 'step1_ichimoku_Ichimoku_T9_K30_SB65_ADXNone' not found in /Users/andrey/GitHub_projects/BacktestBot/config/strategies.yaml"""
step1_ichimoku_Ichimoku_T9_K34_SB52_ADX15,,GOLD,,,,,False,"""Strategy key 'step1_ichimoku_Ichimoku_T9_K34_SB52_ADX15' not found in /Users/andrey/GitHub_projects/BacktestBot/config/strategies.yaml"""
step1_ichimoku_Ichimoku_T9_K34_SB52_ADX20,,GOLD,,,,,False,"""Strategy key 'step1_ichimoku_Ichimoku_T9_K34_SB52_ADX20' not found in /Users/andrey/GitHub_projects/BacktestBot/config/strategies.yaml"""
step1_ichimoku_Ichimoku_T9_K34_SB52_ADX25,,GOLD,,,,,False,"""Strategy key 'step1_ichimoku_Ichimoku_T9_K34_SB52_ADX25' not found in /Users/andrey/GitHub_projects/BacktestBot/config/strategies.yaml"""
step1_ichimoku_Ichimoku_T9_K34_SB52_ADXNone,,GOLD,,,,,False,"""Strategy key 'step1_ichimoku_Ichimoku_T9_K34_SB52_ADXNone' not found in /Users/andrey/GitHub_projects/BacktestBot/config/strategies.yaml"""
step1_ichimoku_Ichimoku_T9_K34_SB60_ADX15,,GOLD,,,,,False,"""Strategy key 'step1_ichimoku_Ichimoku_T9_K34_SB60_ADX15' not found in /Users/andrey/GitHub_projects/BacktestBot/config/strategies.yaml"""
step1_ichimoku_Ichimoku_T9_K34_SB60_ADX20,,GOLD,,,,,False,"""Strategy key 'step1_ichimoku_Ichimoku_T9_K34_SB60_ADX20' not found in /Users/andrey/GitHub_projects/BacktestBot/config/strategies.yaml"""
step1_ichimoku_Ichimoku_T9_K34_SB60_ADX25,,GOLD,,,,,False,"""Strategy key 'step1_ichimoku_Ichimoku_T9_K34_SB60_ADX25' not found in /Users/andrey/GitHub_projects/BacktestBot/config/strategies.yaml"""
step1_ichimoku_Ichimoku_T9_K34_SB60_ADXNone,,GOLD,,,,,False,"""Strategy key 'step1_ichimoku_Ichimoku_T9_K34_SB60_ADXNone' not found in /Users/andrey/GitHub_projects/BacktestBot/config/strategies.yaml"""
step1_ichimoku_Ichimoku_T9_K34_SB65_ADX15,,GOLD,,,,,False,"""Strategy key 'step1_ichimoku_Ichimoku_T9_K34_SB65_ADX15' not found in /Users/andrey/GitHub_projects/BacktestBot/config/strategies.yaml"""
step1_ichimoku_Ichimoku_T9_K34_SB65_ADX20,,GOLD,,,,,False,"""Strategy key 'step1_ichimoku_Ichimoku_T9_K34_SB65_ADX20' not found in /Users/andrey/GitHub_projects/BacktestBot/config/strategies.yaml"""
step1_ichimoku_Ichimoku_T9_K34_SB65_ADX25,,GOLD,,,,,False,"""Strategy key 'step1_ichimoku_Ichimoku_T9_K34_SB65_ADX25' not found in /Users/andrey/GitHub_projects/BacktestBot/config/strategies.yaml"""
step1_ichimoku_Ichimoku_T9_K34_SB65_ADXNone,,GOLD,,,,,False,"""Strategy key 'step1_ichimoku_Ichimoku_T9_K34_SB65_ADXNone' not found in /Users/andrey/GitHub_projects/BacktestBot/config/strategies.yaml"""
step1_ichimoku_Ichimoku_T12_K26_SB52_ADX15,,GOLD,,,,,False,"""Strategy key 'step1_ichimoku_Ichimoku_T12_K26_SB52_ADX15' not found in /Users/andrey/GitHub_projects/BacktestBot/config/strategies.yaml"""
step1_ichimoku_Ichimoku_T12_K26_SB52_ADX20,,GOLD,,,,,False,"""Strategy key 'step1_ichimoku_Ichimoku_T12_K26_SB52_ADX20' not found in /Users/andrey/GitHub_projects/BacktestBot/config/strategies.yaml"""
step1_ichimoku_Ichimoku_T12_K26_SB52_ADX25,,GOLD,,,,,False,"""Strategy key 'step1_ichimoku_Ichimoku_T12_K26_SB52_ADX25' not found in /Users/andrey/GitHub_projects/BacktestBot/config/strategies.yaml"""
step1_ichimoku_Ichimoku_T12_K26_SB52_ADXNone,,GOLD,,,,,False,"""Strategy key 'step1_ichimoku_Ichimoku_T12_K26_SB52_ADXNone' not found in /Users/andrey/GitHub_projects/BacktestBot/config/strategies.yaml"""
step1_ichimoku_Ichimoku_T12_K26_SB60_ADX15,,GOLD,,,,,False,"""Strategy key 'step1_ichimoku_Ichimoku_T12_K26_SB60_ADX15' not found in /Users/andrey/GitHub_projects/BacktestBot/config/strategies.yaml"""
step1_ichimoku_Ichimoku_T12_K26_SB60_ADX20,,GOLD,,,,,False,"""Strategy key 'step1_ichimoku_Ichimoku_T12_K26_SB60_ADX20' not found in /Users/andrey/GitHub_projects/BacktestBot/config/strategies.yaml"""
step1_ichimoku_Ichimoku_T12_K26_SB60_ADX25,,GOLD,,,,,False,"""Strategy key 'step1_ichimoku_Ichimoku_T12_K26_SB60_ADX25' not found in /Users/andrey/GitHub_projects/BacktestBot/config/strategies.yaml"""
step1_ichimoku_Ichimoku_T12_K26_SB60_ADXNone,,GOLD,,,,,False,"""Strategy key 'step1_ichimoku_Ichimoku_T12_K26_SB60_ADXNone' not found in /Users/andrey/GitHub_projects/BacktestBot/config/strategies.yaml"""
step1_ichimoku_Ichimoku_T12_K26_SB65_ADX15,,GOLD,,,,,False,"""Strategy key 'step1_ichimoku_Ichimoku_T12_K26_SB65_ADX15' not found in /Users/andrey/GitHub_projects/BacktestBot/config/strategies.yaml"""
step1_ichimoku_Ichimoku_T12_K26_SB65_ADX20,,GOLD,,,,,False,"""Strategy key 'step1_ichimoku_Ichimoku_T12_K26_SB65_ADX20' not found in /Users/andrey/GitHub_projects/BacktestBot/config/strategies.yaml"""
step1_ichimoku_Ichimoku_T12_K26_SB65_ADX25,,GOLD,,,,,False,"""Strategy key 'step1_ichimoku_Ichimoku_T12_K26_SB65_ADX25' not found in /Users/andrey/GitHub_projects/BacktestBot/config/strategies.yaml"""
step1_ichimoku_Ichimoku_T12_K26_SB65_ADXNone,,GOLD,,,,,False,"""Strategy key 'step1_ichimoku_Ichimoku_T12_K26_SB65_ADXNone' not found in /Users/andrey/GitHub_projects/BacktestBot/config/strategies.yaml"""
step1_ichimoku_Ichimoku_T12_K30_SB52_ADX15,,GOLD,,,,,False,"""Strategy key 'step1_ichimoku_Ichimoku_T12_K30_SB52_ADX15' not found in /Users/andrey/GitHub_projects/BacktestBot/config/strategies.yaml"""
step1_ichimoku_Ichimoku_T12_K30_SB52_ADX20,,GOLD,,,,,False,"""Strategy key 'step1_ichimoku_Ichimoku_T12_K30_SB52_ADX20' not found in /Users/andrey/GitHub_projects/BacktestBot/config/strategies.yaml"""
step1_ichimoku_Ichimoku_T12_K30_SB52_ADX25,,GOLD,,,,,False,"""Strategy key 'step1_ichimoku_Ichimoku_T12_K30_SB52_ADX25' not found in /Users/andrey/GitHub_projects/BacktestBot/config/strategies.yaml"""
step1_ichimoku_Ichimoku_T12_K30_SB52_ADXNone,,GOLD,,,,,False,"""Strategy key 'step1_ichimoku_Ichimoku_T12_K30_SB52_ADXNone' not found in /Users/andrey/GitHub_projects/BacktestBot/config/strategies.yaml"""
step1_ichimoku_Ichimoku_T12_K30_SB60_ADX15,,GOLD,,,,,False,"""Strategy key 'step1_ichimoku_Ichimoku_T12_K30_SB60_ADX15' not found in /Users/andrey/GitHub_projects/BacktestBot/config/strategies.yaml"""
step1_ichimoku_Ichimoku_T12_K30_SB60_ADX20,,GOLD,,,,,False,"""Strategy key 'step1_ichimoku_Ichimoku_T12_K30_SB60_ADX20' not found in /Users/andrey/GitHub_projects/BacktestBot/config/strategies.yaml"""
step1_ichimoku_Ichimoku_T12_K30_SB60_ADX25,,GOLD,,,,,False,"""Strategy key 'step1_ichimoku_Ichimoku_T12_K30_SB60_ADX25' not found in /Users/andrey/GitHub_projects/BacktestBot/config/strategies.yaml"""
step1_ichimoku_Ichimoku_T12_K30_SB60_ADXNone,,GOLD,,,,,False,"""Strategy key 'step1_ichimoku_Ichimoku_T12_K30_SB60_ADXNone' not found in /Users/andrey/GitHub_projects/BacktestBot/config/strategies.yaml"""
step1_ichimoku_Ichimoku_T12_K30_SB65_ADX15,,GOLD,,,,,False,"""Strategy key 'step1_ichimoku_Ichimoku_T12_K30_SB65_ADX15' not found in /Users/andrey/GitHub_projects/BacktestBot/config/strategies.yaml"""
step1_ichimoku_Ichimoku_T12_K30_SB65_ADX20,,GOLD,,,,,False,"""Strategy key 'step1_ichimoku_Ichimoku_T12_K30_SB65_ADX20' not found in /Users/andrey/GitHub_projects/BacktestBot/config/strategies.yaml"""
step1_ichimoku_Ichimoku_T12_K30_SB65_ADX25,,GOLD,,,,,False,"""Strategy key 'step1_ichimoku_Ichimoku_T12_K30_SB65_ADX25' not found in /Users/andrey/GitHub_projects/BacktestBot/config/strategies.yaml"""
step1_ichimoku_Ichimoku_T12_K30_SB65_ADXNone,,GOLD,,,,,False,"""Strategy key 'step1_ichimoku_Ichimoku_T12_K30_SB65_ADXNone' not found in /Users/andrey/GitHub_projects/BacktestBot/config/strategies.yaml"""
step1_ichimoku_Ichimoku_T12_K34_SB52_ADX15,,GOLD,,,,,False,"""Strategy key 'step1_ichimoku_Ichimoku_T12_K34_SB52_ADX15' not found in /Users/andrey/GitHub_projects/BacktestBot/config/strategies.yaml"""
step1_ichimoku_Ichimoku_T12_K34_SB52_ADX20,,GOLD,,,,,False,"""Strategy key 'step1_ichimoku_Ichimoku_T12_K34_SB52_ADX20' not found in /Users/andrey/GitHub_projects/BacktestBot/config/strategies.yaml"""
step1_ichimoku_Ichimoku_T12_K34_SB52_ADX25,,GOLD,,,,,False,"""Strategy key 'step1_ichimoku_Ichimoku_T12_K34_SB52_ADX25' not found in /Users/andrey/GitHub_projects/BacktestBot/config/strategies.yaml"""
step1_ichimoku_Ichimoku_T12_K34_SB52_ADXNone,,GOLD,,,,,False,"""Strategy key 'step1_ichimoku_Ichimoku_T12_K34_SB52_ADXNone' not found in /Users/andrey/GitHub_projects/BacktestBot/config/strategies.yaml"""
step1_ichimoku_Ichimoku_T12_K34_SB60_ADX15,,GOLD,,,,,False,"""Strategy key 'step1_ichimoku_Ichimoku_T12_K34_SB60_ADX15' not found in /Users/andrey/GitHub_projects/BacktestBot/config/strategies.yaml"""
step1_ichimoku_Ichimoku_T12_K34_SB60_ADX20,,GOLD,,,,,False,"""Strategy key 'step1_ichimoku_Ichimoku_T12_K34_SB60_ADX20' not found in /Users/andrey/GitHub_projects/BacktestBot/config/strategies.yaml"""
step1_ichimoku_Ichimoku_T12_K34_SB60_ADX25,,GOLD,,,,,False,"""Strategy key 'step1_ichimoku_Ichimoku_T12_K34_SB60_ADX25' not found in /Users/andrey/GitHub_projects/BacktestBot/config/strategies.yaml"""
step1_ichimoku_Ichimoku_T12_K34_SB60_ADXNone,,GOLD,,,,,False,"""Strategy key 'step1_ichimoku_Ichimoku_T12_K34_SB60_ADXNone' not found in /Users/andrey/GitHub_projects/BacktestBot/config/strategies.yaml"""
step1_ichimoku_Ichimoku_T12_K34_SB65_ADX15,,GOLD,,,,,False,"""Strategy key 'step1_ichimoku_Ichimoku_T12_K34_SB65_ADX15' not found in /Users/andrey/GitHub_projects/BacktestBot/config/strategies.yaml"""
step1_ichimoku_Ichimoku_T12_K34_SB65_ADX20,,GOLD,,,,,False,"""Strategy key 'step1_ichimoku_Ichimoku_T12_K34_SB65_ADX20' not found in /Users/andrey/GitHub_projects/BacktestBot/config/strategies.yaml"""
step1_ichimoku_Ichimoku_T12_K34_SB65_ADX25,,GOLD,,,,,False,"""Strategy key 'step1_ichimoku_Ichimoku_T12_K34_SB65_ADX25' not found in /Users/andrey/GitHub_projects/BacktestBot/config/strategies.yaml"""
step1_ichimoku_Ichimoku_T12_K34_SB65_ADXNone,,GOLD,,,,,False,"""Strategy key 'step1_ichimoku_Ichimoku_T12_K34_SB65_ADXNone' not found in /Users/andrey/GitHub_projects/BacktestBot/config/strategies.yaml"""
step1_ichimoku_Ichimoku_T15_K26_SB52_ADX15,,GOLD,,,,,False,"""Strategy key 'step1_ichimoku_Ichimoku_T15_K26_SB52_ADX15' not found in /Users/andrey/GitHub_projects/BacktestBot/config/strategies.yaml"""
step1_ichimoku_Ichimoku_T15_K26_SB52_ADX20,,GOLD,,,,,False,"""Strategy key 'step1_ichimoku_Ichimoku_T15_K26_SB52_ADX20' not found in /Users/andrey/GitHub_projects/BacktestBot/config/strategies.yaml"""
step1_ichimoku_Ichimoku_T15_K26_SB52_ADX25,,GOLD,,,,,False,"""Strategy key 'step1_ichimoku_Ichimoku_T15_K26_SB52_ADX25' not found in /Users/andrey/GitHub_projects/BacktestBot/config/strategies.yaml"""
step1_ichimoku_Ichimoku_T15_K26_SB52_ADXNone,,GOLD,,,,,False,"""Strategy key 'step1_ichimoku_Ichimoku_T15_K26_SB52_ADXNone' not found in /Users/andrey/GitHub_projects/BacktestBot/config/strategies.yaml"""
step1_ichimoku_Ichimoku_T15_K26_SB60_ADX15,,GOLD,,,,,False,"""Strategy key 'step1_ichimoku_Ichimoku_T15_K26_SB60_ADX15' not found in /Users/andrey/GitHub_projects/BacktestBot/config/strategies.yaml"""
step1_ichimoku_Ichimoku_T15_K26_SB60_ADX20,,GOLD,,,,,False,"""Strategy key 'step1_ichimoku_Ichimoku_T15_K26_SB60_ADX20' not found in /Users/andrey/GitHub_projects/BacktestBot/config/strategies.yaml"""
step1_ichimoku_Ichimoku_T15_K26_SB60_ADX25,,GOLD,,,,,False,"""Strategy key 'step1_ichimoku_Ichimoku_T15_K26_SB60_ADX25' not found in /Users/andrey/GitHub_projects/BacktestBot/config/strategies.yaml"""
step1_ichimoku_Ichimoku_T15_K26_SB60_ADXNone,,GOLD,,,,,False,"""Strategy key 'step1_ichimoku_Ichimoku_T15_K26_SB60_ADXNone' not found in /Users/andrey/GitHub_projects/BacktestBot/config/strategies.yaml"""
step1_ichimoku_Ichimoku_T15_K26_SB65_ADX15,,GOLD,,,,,False,"""Strategy key 'step1_ichimoku_Ichimoku_T15_K26_SB65_ADX15' not found in /Users/andrey/GitHub_projects/BacktestBot/config/strategies.yaml"""
step1_ichimoku_Ichimoku_T15_K26_SB65_ADX20,,GOLD,,,,,False,"""Strategy key 'step1_ichimoku_Ichimoku_T15_K26_SB65_ADX20' not found in /Users/andrey/GitHub_projects/BacktestBot/config/strategies.yaml"""
step1_ichimoku_Ichimoku_T15_K26_SB65_ADX25,,GOLD,,,,,False,"""Strategy key 'step1_ichimoku_Ichimoku_T15_K26_SB65_ADX25' not found in /Users/andrey/GitHub_projects/BacktestBot/config/strategies.yaml"""
step1_ichimoku_Ichimoku_T15_K26_SB65_ADXNone,,GOLD,,,,,False,"""Strategy key 'step1_ichimoku_Ichimoku_T15_K26_SB65_ADXNone' not found in /Users/andrey/GitHub_projects/BacktestBot/config/strategies.yaml"""
step1_ichimoku_Ichimoku_T15_K30_SB52_ADX15,,GOLD,,,,,False,"""Strategy key 'step1_ichimoku_Ichimoku_T15_K30_SB52_ADX15' not found in /Users/andrey/GitHub_projects/BacktestBot/config/strategies.yaml"""
step1_ichimoku_Ichimoku_T15_K30_SB52_ADX20,,GOLD,,,,,False,"""Strategy key 'step1_ichimoku_Ichimoku_T15_K30_SB52_ADX20' not found in /Users/andrey/GitHub_projects/BacktestBot/config/strategies.yaml"""
step1_ichimoku_Ichimoku_T15_K30_SB52_ADX25,,GOLD,,,,,False,"""Strategy key 'step1_ichimoku_Ichimoku_T15_K30_SB52_ADX25' not found in /Users/andrey/GitHub_projects/BacktestBot/config/strategies.yaml"""
step1_ichimoku_Ichimoku_T15_K30_SB52_ADXNone,,GOLD,,,,,False,"""Strategy key 'step1_ichimoku_Ichimoku_T15_K30_SB52_ADXNone' not found in /Users/andrey/GitHub_projects/BacktestBot/config/strategies.yaml"""
step1_ichimoku_Ichimoku_T15_K30_SB60_ADX15,,GOLD,,,,,False,"""Strategy key 'step1_ichimoku_Ichimoku_T15_K30_SB60_ADX15' not found in /Users/andrey/GitHub_projects/BacktestBot/config/strategies.yaml"""
step1_ichimoku_Ichimoku_T15_K30_SB60_ADX20,,GOLD,,,,,False,"""Strategy key 'step1_ichimoku_Ichimoku_T15_K30_SB60_ADX20' not found in /Users/andrey/GitHub_projects/BacktestBot/config/strategies.yaml"""
step1_ichimoku_Ichimoku_T15_K30_SB60_ADX25,,GOLD,,,,,False,"""Strategy key 'step1_ichimoku_Ichimoku_T15_K30_SB60_ADX25' not found in /Users/andrey/GitHub_projects/BacktestBot/config/strategies.yaml"""
step1_ichimoku_Ichimoku_T15_K30_SB60_ADXNone,,GOLD,,,,,False,"""Strategy key 'step1_ichimoku_Ichimoku_T15_K30_SB60_ADXNone' not found in /Users/andrey/GitHub_projects/BacktestBot/config/strategies.yaml"""
step1_ichimoku_Ichimoku_T15_K30_SB65_ADX15,,GOLD,,,,,False,"""Strategy key 'step1_ichimoku_Ichimoku_T15_K30_SB65_ADX15' not found in /Users/andrey/GitHub_projects/BacktestBot/config/strategies.yaml"""
step1_ichimoku_Ichimoku_T15_K30_SB65_ADX20,,GOLD,,,,,False,"""Strategy key 'step1_ichimoku_Ichimoku_T15_K30_SB65_ADX20' not found in /Users/andrey/GitHub_projects/BacktestBot/config/strategies.yaml"""
step1_ichimoku_Ichimoku_T15_K30_SB65_ADX25,,GOLD,,,,,False,"""Strategy key 'step1_ichimoku_Ichimoku_T15_K30_SB65_ADX25' not found in /Users/andrey/GitHub_projects/BacktestBot/config/strategies.yaml"""
step1_ichimoku_Ichimoku_T15_K30_SB65_ADXNone,,GOLD,,,,,False,"""Strategy key 'step1_ichimoku_Ichimoku_T15_K30_SB65_ADXNone' not found in /Users/andrey/GitHub_projects/BacktestBot/config/strategies.yaml"""
step1_ichimoku_Ichimoku_T15_K34_SB52_ADX15,,GOLD,,,,,False,"""Strategy key 'step1_ichimoku_Ichimoku_T15_K34_SB52_ADX15' not found in /Users/andrey/GitHub_projects/BacktestBot/config/strategies.yaml"""
step1_ichimoku_Ichimoku_T15_K34_SB52_ADX20,,GOLD,,,,,False,"""Strategy key 'step1_ichimoku_Ichimoku_T15_K34_SB52_ADX20' not found in /Users/andrey/GitHub_projects/BacktestBot/config/strategies.yaml"""
step1_ichimoku_Ichimoku_T15_K34_SB52_ADX25,,GOLD,,,,,False,"""Strategy key 'step1_ichimoku_Ichimoku_T15_K34_SB52_ADX25' not found in /Users/andrey/GitHub_projects/BacktestBot/config/strategies.yaml"""
step1_ichimoku_Ichimoku_T15_K34_SB52_ADXNone,,GOLD,,,,,False,"""Strategy key 'step1_ichimoku_Ichimoku_T15_K34_SB52_ADXNone' not found in /Users/andrey/GitHub_projects/BacktestBot/config/strategies.yaml"""
step1_ichimoku_Ichimoku_T15_K34_SB60_ADX15,,GOLD,,,,,False,"""Strategy key 'step1_ichimoku_Ichimoku_T15_K34_SB60_ADX15' not found in /Users/andrey/GitHub_projects/BacktestBot/config/strategies.yaml"""
step1_ichimoku_Ichimoku_T15_K34_SB60_ADX20,,GOLD,,,,,False,"""Strategy key 'step1_ichimoku_Ichimoku_T15_K34_SB60_ADX20' not found in /Users/andrey/GitHub_projects/BacktestBot/config/strategies.yaml"""
step1_ichimoku_Ichimoku_T15_K34_SB60_ADX25,,GOLD,,,,,False,"""Strategy key 'step1_ichimoku_Ichimoku_T15_K34_SB60_ADX25' not found in /Users/andrey/GitHub_projects/BacktestBot/config/strategies.yaml"""
step1_ichimoku_Ichimoku_T15_K34_SB60_ADXNone,,GOLD,,,,,False,"""Strategy key 'step1_ichimoku_Ichimoku_T15_K34_SB60_ADXNone' not found in /Users/andrey/GitHub_projects/BacktestBot/config/strategies.yaml"""
step1_ichimoku_Ichimoku_T15_K34_SB65_ADX15,,GOLD,,,,,False,"""Strategy key 'step1_ichimoku_Ichimoku_T15_K34_SB65_ADX15' not found in /Users/andrey/GitHub_projects/BacktestBot/config/strategies.yaml"""
step1_ichimoku_Ichimoku_T15_K34_SB65_ADX20,,GOLD,,,,,False,"""Strategy key 'step1_ichimoku_Ichimoku_T15_K34_SB65_ADX20' not found in /Users/andrey/GitHub_projects/BacktestBot/config/strategies.yaml"""
step1_ichimoku_Ichimoku_T15_K34_SB65_ADX25,,GOLD,,,,,False,"""Strategy key 'step1_ichimoku_Ichimoku_T15_K34_SB65_ADX25' not found in /Users/andrey/GitHub_projects/BacktestBot/config/strategies.yaml"""
step1_ichimoku_Ichimoku_T15_K34_SB65_ADXNone,,GOLD,,,,,False,"""Strategy key 'step1_ichimoku_Ichimoku_T15_K34_SB65_ADXNone' not found in /Users/andrey/GitHub_projects/BacktestBot/config/strategies.yaml"""
step1_macd_MACD_F10_S24_Sig7,,GOLD,,,,,False,"""Strategy key 'step1_macd_MACD_F10_S24_Sig7' not found in /Users/andrey/GitHub_projects/BacktestBot/config/strategies.yaml"""
step1_macd_MACD_F10_S24_Sig9,,GOLD,,,,,False,"""Strategy key 'step1_macd_MACD_F10_S24_Sig9' not found in /Users/andrey/GitHub_projects/BacktestBot/config/strategies.yaml"""
step1_macd_MACD_F10_S24_Sig11,,GOLD,,,,,False,"""Strategy key 'step1_macd_MACD_F10_S24_Sig11' not found in /Users/andrey/GitHub_projects/BacktestBot/config/strategies.yaml"""
step1_macd_MACD_F10_S26_Sig7,,GOLD,,,,,False,"""Strategy key 'step1_macd_MACD_F10_S26_Sig7' not found in /Users/andrey/GitHub_projects/BacktestBot/config/strategies.yaml"""
step1_macd_MACD_F10_S26_Sig9,,GOLD,,,,,False,"""Strategy key 'step1_macd_MACD_F10_S26_Sig9' not found in /Users/andrey/GitHub_projects/BacktestBot/config/strategies.yaml"""
step1_macd_MACD_F10_S26_Sig11,,GOLD,,,,,False,"""Strategy key 'step1_macd_MACD_F10_S26_Sig11' not found in /Users/andrey/GitHub_projects/BacktestBot/config/strategies.yaml"""
step1_macd_MACD_F10_S28_Sig7,,GOLD,,,,,False,"""Strategy key 'step1_macd_MACD_F10_S28_Sig7' not found in /Users/andrey/GitHub_projects/BacktestBot/config/strategies.yaml"""
step1_macd_MACD_F10_S28_Sig9,,GOLD,,,,,False,"""Strategy key 'step1_macd_MACD_F10_S28_Sig9' not found in /Users/andrey/GitHub_projects/BacktestBot/config/strategies.yaml"""
step1_macd_MACD_F10_S28_Sig11,,GOLD,,,,,False,"""Strategy key 'step1_macd_MACD_F10_S28_Sig11' not found in /Users/andrey/GitHub_projects/BacktestBot/config/strategies.yaml"""
step1_macd_MACD_F12_S24_Sig7,,GOLD,,,,,False,"""Strategy key 'step1_macd_MACD_F12_S24_Sig7' not found in /Users/andrey/GitHub_projects/BacktestBot/config/strategies.yaml"""
step1_macd_MACD_F12_S24_Sig9,,GOLD,,,,,False,"""Strategy key 'step1_macd_MACD_F12_S24_Sig9' not found in /Users/andrey/GitHub_projects/BacktestBot/config/strategies.yaml"""
step1_macd_MACD_F12_S24_Sig11,,GOLD,,,,,False,"""Strategy key 'step1_macd_MACD_F12_S24_Sig11' not found in /Users/andrey/GitHub_projects/BacktestBot/config/strategies.yaml"""
step1_macd_MACD_F12_S26_Sig7,,GOLD,,,,,False,"""Strategy key 'step1_macd_MACD_F12_S26_Sig7' not found in /Users/andrey/GitHub_projects/BacktestBot/config/strategies.yaml"""
step1_macd_MACD_F12_S26_Sig9,,GOLD,,,,,False,"""Strategy key 'step1_macd_MACD_F12_S26_Sig9' not found in /Users/andrey/GitHub_projects/BacktestBot/config/strategies.yaml"""
step1_macd_MACD_F12_S26_Sig11,,GOLD,,,,,False,"""Strategy key 'step1_macd_MACD_F12_S26_Sig11' not found in /Users/andrey/GitHub_projects/BacktestBot/config/strategies.yaml"""
step1_macd_MACD_F12_S28_Sig7,,GOLD,,,,,False,"""Strategy key 'step1_macd_MACD_F12_S28_Sig7' not found in /Users/andrey/GitHub_projects/BacktestBot/config/strategies.yaml"""
step1_macd_MACD_F12_S28_Sig9,,GOLD,,,,,False,"""Strategy key 'step1_macd_MACD_F12_S28_Sig9' not found in /Users/andrey/GitHub_projects/BacktestBot/config/strategies.yaml"""
step1_macd_MACD_F12_S28_Sig11,,GOLD,,,,,False,"""Strategy key 'step1_macd_MACD_F12_S28_Sig11' not found in /Users/andrey/GitHub_projects/BacktestBot/config/strategies.yaml"""
step1_macd_MACD_F14_S24_Sig7,,GOLD,,,,,False,"""Strategy key 'step1_macd_MACD_F14_S24_Sig7' not found in /Users/andrey/GitHub_projects/BacktestBot/config/strategies.yaml"""
step1_macd_MACD_F14_S24_Sig9,,GOLD,,,,,False,"""Strategy key 'step1_macd_MACD_F14_S24_Sig9' not found in /Users/andrey/GitHub_projects/BacktestBot/config/strategies.yaml"""
step1_macd_MACD_F14_S24_Sig11,,GOLD,,,,,False,"""Strategy key 'step1_macd_MACD_F14_S24_Sig11' not found in /Users/andrey/GitHub_projects/BacktestBot/config/strategies.yaml"""
step1_macd_MACD_F14_S26_Sig7,,GOLD,,,,,False,"""Strategy key 'step1_macd_MACD_F14_S26_Sig7' not found in /Users/andrey/GitHub_projects/BacktestBot/config/strategies.yaml"""
step1_macd_MACD_F14_S26_Sig9,,GOLD,,,,,False,"""Strategy key 'step1_macd_MACD_F14_S26_Sig9' not found in /Users/andrey/GitHub_projects/BacktestBot/config/strategies.yaml"""
step1_macd_MACD_F14_S26_Sig11,,GOLD,,,,,False,"""Strategy key 'step1_macd_MACD_F14_S26_Sig11' not found in /Users/andrey/GitHub_projects/BacktestBot/config/strategies.yaml"""
step1_macd_MACD_F14_S28_Sig7,,GOLD,,,,,False,"""Strategy key 'step1_macd_MACD_F14_S28_Sig7' not found in /Users/andrey/GitHub_projects/BacktestBot/config/strategies.yaml"""
step1_macd_MACD_F14_S28_Sig9,,GOLD,,,,,False,"""Strategy key 'step1_macd_MACD_F14_S28_Sig9' not found in /Users/andrey/GitHub_projects/BacktestBot/config/strategies.yaml"""
step1_macd_MACD_F14_S28_Sig11,,GOLD,,,,,False,"""Strategy key 'step1_macd_MACD_F14_S28_Sig11' not found in /Users/andrey/GitHub_projects/BacktestBot/config/strategies.yaml"""
step1_psar_PSAR_AF0.01_Max0.15,,GOLD,,,,,False,"""Strategy key 'step1_psar_PSAR_AF0.01_Max0.15' not found in /Users/andrey/GitHub_projects/BacktestBot/config/strategies.yaml"""
step1_psar_PSAR_AF0.01_Max0.2,,GOLD,,,,,False,"""Strategy key 'step1_psar_PSAR_AF0.01_Max0.2' not found in /Users/andrey/GitHub_projects/BacktestBot/config/strategies.yaml"""
step1_psar_PSAR_AF0.01_Max0.25,,GOLD,,,,,False,"""Strategy key 'step1_psar_PSAR_AF0.01_Max0.25' not found in /Users/andrey/GitHub_projects/BacktestBot/config/strategies.yaml"""
step1_psar_PSAR_AF0.02_Max0.15,,GOLD,,,,,False,"""Strategy key 'step1_psar_PSAR_AF0.02_Max0.15' not found in /Users/andrey/GitHub_projects/BacktestBot/config/strategies.yaml"""
step1_psar_PSAR_AF0.02_Max0.2,,GOLD,,,,,False,"""Strategy key 'step1_psar_PSAR_AF0.02_Max0.2' not found in /Users/andrey/GitHub_projects/BacktestBot/config/strategies.yaml"""
step1_psar_PSAR_AF0.02_Max0.25,,GOLD,,,,,False,"""Strategy key 'step1_psar_PSAR_AF0.02_Max0.25' not found in /Users/andrey/GitHub_projects/BacktestBot/config/strategies.yaml"""
step1_psar_PSAR_AF0.03_Max0.15,,GOLD,,,,,False,"""Strategy key 'step1_psar_PSAR_AF0.03_Max0.15' not found in /Users/andrey/GitHub_projects/BacktestBot/config/strategies.yaml"""
step1_psar_PSAR_AF0.03_Max0.2,,GOLD,,,,,False,"""Strategy key 'step1_psar_PSAR_AF0.03_Max0.2' not found in /Users/andrey/GitHub_projects/BacktestBot/config/strategies.yaml"""
step1_psar_PSAR_AF0.03_Max0.25,,GOLD,,,,,False,"""Strategy key 'step1_psar_PSAR_AF0.03_Max0.25' not found in /Users/andrey/GitHub_projects/BacktestBot/config/strategies.yaml"""
commodity_oil_winning,Crude Oil Winning Strategy - 4% SL / 8% TP,CLOIL,34.0,0.018613976946380718,,0.06069265589547041,True,
step1_ichimoku_Ichimoku_T9_K26_SB52_ADX15,,CLOIL,,,,,False,"""Strategy key 'step1_ichimoku_Ichimoku_T9_K26_SB52_ADX15' not found in /Users/andrey/GitHub_projects/BacktestBot/config/strategies.yaml"""
step1_ichimoku_Ichimoku_T9_K26_SB52_ADX20,,CLOIL,,,,,False,"""Strategy key 'step1_ichimoku_Ichimoku_T9_K26_SB52_ADX20' not found in /Users/andrey/GitHub_projects/BacktestBot/config/strategies.yaml"""
step1_ichimoku_Ichimoku_T9_K26_SB52_ADX25,,CLOIL,,,,,False,"""Strategy key 'step1_ichimoku_Ichimoku_T9_K26_SB52_ADX25' not found in /Users/andrey/GitHub_projects/BacktestBot/config/strategies.yaml"""
step1_ichimoku_Ichimoku_T9_K26_SB52_ADXNone,,CLOIL,,,,,False,"""Strategy key 'step1_ichimoku_Ichimoku_T9_K26_SB52_ADXNone' not found in /Users/andrey/GitHub_projects/BacktestBot/config/strategies.yaml"""
step1_ichimoku_Ichimoku_T9_K26_SB60_ADX15,,CLOIL,,,,,False,"""Strategy key 'step1_ichimoku_Ichimoku_T9_K26_SB60_ADX15' not found in /Users/andrey/GitHub_projects/BacktestBot/config/strategies.yaml"""
step1_ichimoku_Ichimoku_T9_K26_SB60_ADX20,,CLOIL,,,,,False,"""Strategy key 'step1_ichimoku_Ichimoku_T9_K26_SB60_ADX20' not found in /Users/andrey/GitHub_projects/BacktestBot/config/strategies.yaml"""
step1_ichimoku_Ichimoku_T9_K26_SB60_ADX25,,CLOIL,,,,,False,"""Strategy key 'step1_ichimoku_Ichimoku_T9_K26_SB60_ADX25' not found in /Users/andrey/GitHub_projects/BacktestBot/config/strategies.yaml"""
step1_ichimoku_Ichimoku_T9_K26_SB60_ADXNone,,CLOIL,,,,,False,"""Strategy key 'step1_ichimoku_Ichimoku_T9_K26_SB60_ADXNone' not found in /Users/andrey/GitHub_projects/BacktestBot/config/strategies.yaml"""
step1_ichimoku_Ichimoku_T9_K26_SB65_ADX15,,CLOIL,,,,,False,"""Strategy key 'step1_ichimoku_Ichimoku_T9_K26_SB65_ADX15' not found in /Users/andrey/GitHub_projects/BacktestBot/config/strategies.yaml"""
step1_ichimoku_Ichimoku_T9_K26_SB65_ADX20,,CLOIL,,,,,False,"""Strategy key 'step1_ichimoku_Ichimoku_T9_K26_SB65_ADX20' not found in /Users/andrey/GitHub_projects/BacktestBot/config/strategies.yaml"""
step1_ichimoku_Ichimoku_T9_K26_SB65_ADX25,,CLOIL,,,,,False,"""Strategy key 'step1_ichimoku_Ichimoku_T9_K26_SB65_ADX25' not found in /Users/andrey/GitHub_projects/BacktestBot/config/strategies.yaml"""
step1_ichimoku_Ichimoku_T9_K26_SB65_ADXNone,,CLOIL,,,,,False,"""Strategy key 'step1_ichimoku_Ichimoku_T9_K26_SB65_ADXNone' not found in /Users/andrey/GitHub_projects/BacktestBot/config/strategies.yaml"""
step1_ichimoku_Ichimoku_T9_K30_SB52_ADX15,,CLOIL,,,,,False,"""Strategy key 'step1_ichimoku_Ichimoku_T9_K30_SB52_ADX15' not found in /Users/andrey/GitHub_projects/BacktestBot/config/strategies.yaml"""
step1_ichimoku_Ichimoku_T9_K30_SB52_ADX20,,CLOIL,,,,,False,"""Strategy key 'step1_ichimoku_Ichimoku_T9_K30_SB52_ADX20' not found in /Users/andrey/GitHub_projects/BacktestBot/config/strategies.yaml"""
step1_ichimoku_Ichimoku_T9_K30_SB52_ADX25,,CLOIL,,,,,False,"""Strategy key 'step1_ichimoku_Ichimoku_T9_K30_SB52_ADX25' not found in /Users/andrey/GitHub_projects/BacktestBot/config/strategies.yaml"""
step1_ichimoku_Ichimoku_T9_K30_SB52_ADXNone,,CLOIL,,,,,False,"""Strategy key 'step1_ichimoku_Ichimoku_T9_K30_SB52_ADXNone' not found in /Users/andrey/GitHub_projects/BacktestBot/config/strategies.yaml"""
step1_ichimoku_Ichimoku_T9_K30_SB60_ADX15,,CLOIL,,,,,False,"""Strategy key 'step1_ichimoku_Ichimoku_T9_K30_SB60_ADX15' not found in /Users/andrey/GitHub_projects/BacktestBot/config/strategies.yaml"""
step1_ichimoku_Ichimoku_T9_K30_SB60_ADX20,,CLOIL,,,,,False,"""Strategy key 'step1_ichimoku_Ichimoku_T9_K30_SB60_ADX20' not found in /Users/andrey/GitHub_projects/BacktestBot/config/strategies.yaml"""
step1_ichimoku_Ichimoku_T9_K30_SB60_ADX25,,CLOIL,,,,,False,"""Strategy key 'step1_ichimoku_Ichimoku_T9_K30_SB60_ADX25' not found in /Users/andrey/GitHub_projects/BacktestBot/config/strategies.yaml"""
step1_ichimoku_Ichimoku_T9_K30_SB60_ADXNone,,CLOIL,,,,,False,"""Strategy key 'step1_ichimoku_Ichimoku_T9_K30_SB60_ADXNone' not found in /Users/andrey/GitHub_projects/BacktestBot/config/strategies.yaml"""
step1_ichimoku_Ichimoku_T9_K30_SB65_ADX15,,CLOIL,,,,,False,"""Strategy key 'step1_ichimoku_Ichimoku_T9_K30_SB65_ADX15' not found in /Users/andrey/GitHub_projects/BacktestBot/config/strategies.yaml"""
step1_ichimoku_Ichimoku_T9_K30_SB65_ADX20,,CLOIL,,,,,False,"""Strategy key 'step1_ichimoku_Ichimoku_T9_K30_SB65_ADX20' not found in /Users/andrey/GitHub_projects/BacktestBot/config/strategies.yaml"""
step1_ichimoku_Ichimoku_T9_K30_SB65_ADX25,,CLOIL,,,,,False,"""Strategy key 'step1_ichimoku_Ichimoku_T9_K30_SB65_ADX25' not found in /Users/andrey/GitHub_projects/BacktestBot/config/strategies.yaml"""
step1_ichimoku_Ichimoku_T9_K30_SB65_ADXNone,,CLOIL,,,,,False,"""Strategy key 'step1_ichimoku_Ichimoku_T9_K30_SB65_ADXNone' not found in /Users/andrey/GitHub_projects/BacktestBot/config/strategies.yaml"""
step1_ichimoku_Ichimoku_T9_K34_SB52_ADX15,,CLOIL,,,,,False,"""Strategy key 'step1_ichimoku_Ichimoku_T9_K34_SB52_ADX15' not found in /Users/andrey/GitHub_projects/BacktestBot/config/strategies.yaml"""
step1_ichimoku_Ichimoku_T9_K34_SB52_ADX20,,CLOIL,,,,,False,"""Strategy key 'step1_ichimoku_Ichimoku_T9_K34_SB52_ADX20' not found in /Users/andrey/GitHub_projects/BacktestBot/config/strategies.yaml"""
step1_ichimoku_Ichimoku_T9_K34_SB52_ADX25,,CLOIL,,,,,False,"""Strategy key 'step1_ichimoku_Ichimoku_T9_K34_SB52_ADX25' not found in /Users/andrey/GitHub_projects/BacktestBot/config/strategies.yaml"""
step1_ichimoku_Ichimoku_T9_K34_SB52_ADXNone,,CLOIL,,,,,False,"""Strategy key 'step1_ichimoku_Ichimoku_T9_K34_SB52_ADXNone' not found in /Users/andrey/GitHub_projects/BacktestBot/config/strategies.yaml"""
step1_ichimoku_Ichimoku_T9_K34_SB60_ADX15,,CLOIL,,,,,False,"""Strategy key 'step1_ichimoku_Ichimoku_T9_K34_SB60_ADX15' not found in /Users/andrey/GitHub_projects/BacktestBot/config/strategies.yaml"""
step1_ichimoku_Ichimoku_T9_K34_SB60_ADX20,,CLOIL,,,,,False,"""Strategy key 'step1_ichimoku_Ichimoku_T9_K34_SB60_ADX20' not found in /Users/andrey/GitHub_projects/BacktestBot/config/strategies.yaml"""
step1_ichimoku_Ichimoku_T9_K34_SB60_ADX25,,CLOIL,,,,,False,"""Strategy key 'step1_ichimoku_Ichimoku_T9_K34_SB60_ADX25' not found in /Users/andrey/GitHub_projects/BacktestBot/config/strategies.yaml"""
step1_ichimoku_Ichimoku_T9_K34_SB60_ADXNone,,CLOIL,,,,,False,"""Strategy key 'step1_ichimoku_Ichimoku_T9_K34_SB60_ADXNone' not found in /Users/andrey/GitHub_projects/BacktestBot/config/strategies.yaml"""
step1_ichimoku_Ichimoku_T9_K34_SB65_ADX15,,CLOIL,,,,,False,"""Strategy key 'step1_ichimoku_Ichimoku_T9_K34_SB65_ADX15' not found in /Users/andrey/GitHub_projects/BacktestBot/config/strategies.yaml"""
step1_ichimoku_Ichimoku_T9_K34_SB65_ADX20,,CLOIL,,,,,False,"""Strategy key 'step1_ichimoku_Ichimoku_T9_K34_SB65_ADX20' not found in /Users/andrey/GitHub_projects/BacktestBot/config/strategies.yaml"""
step1_ichimoku_Ichimoku_T9_K34_SB65_ADX25,,CLOIL,,,,,False,"""Strategy key 'step1_ichimoku_Ichimoku_T9_K34_SB65_ADX25' not found in /Users/andrey/GitHub_projects/BacktestBot/config/strategies.yaml"""
step1_ichimoku_Ichimoku_T9_K34_SB65_ADXNone,,CLOIL,,,,,False,"""Strategy key 'step1_ichimoku_Ichimoku_T9_K34_SB65_ADXNone' not found in /Users/andrey/GitHub_projects/BacktestBot/config/strategies.yaml"""
step1_ichimoku_Ichimoku_T12_K26_SB52_ADX15,,CLOIL,,,,,False,"""Strategy key 'step1_ichimoku_Ichimoku_T12_K26_SB52_ADX15' not found in /Users/andrey/GitHub_projects/BacktestBot/config/strategies.yaml"""
step1_ichimoku_Ichimoku_T12_K26_SB52_ADX20,,CLOIL,,,,,False,"""Strategy key 'step1_ichimoku_Ichimoku_T12_K26_SB52_ADX20' not found in /Users/andrey/GitHub_projects/BacktestBot/config/strategies.yaml"""
step1_ichimoku_Ichimoku_T12_K26_SB52_ADX25,,CLOIL,,,,,False,"""Strategy key 'step1_ichimoku_Ichimoku_T12_K26_SB52_ADX25' not found in /Users/andrey/GitHub_projects/BacktestBot/config/strategies.yaml"""
step1_ichimoku_Ichimoku_T12_K26_SB52_ADXNone,,CLOIL,,,,,False,"""Strategy key 'step1_ichimoku_Ichimoku_T12_K26_SB52_ADXNone' not found in /Users/andrey/GitHub_projects/BacktestBot/config/strategies.yaml"""
step1_ichimoku_Ichimoku_T12_K26_SB60_ADX15,,CLOIL,,,,,False,"""Strategy key 'step1_ichimoku_Ichimoku_T12_K26_SB60_ADX15' not found in /Users/andrey/GitHub_projects/BacktestBot/config/strategies.yaml"""
step1_ichimoku_Ichimoku_T12_K26_SB60_ADX20,,CLOIL,,,,,False,"""Strategy key 'step1_ichimoku_Ichimoku_T12_K26_SB60_ADX20' not found in /Users/andrey/GitHub_projects/BacktestBot/config/strategies.yaml"""
step1_ichimoku_Ichimoku_T12_K26_SB60_ADX25,,CLOIL,,,,,False,"""Strategy key 'step1_ichimoku_Ichimoku_T12_K26_SB60_ADX25' not found in /Users/andrey/GitHub_projects/BacktestBot/config/strategies.yaml"""
step1_ichimoku_Ichimoku_T12_K26_SB60_ADXNone,,CLOIL,,,,,False,"""Strategy key 'step1_ichimoku_Ichimoku_T12_K26_SB60_ADXNone' not found in /Users/andrey/GitHub_projects/BacktestBot/config/strategies.yaml"""
step1_ichimoku_Ichimoku_T12_K26_SB65_ADX15,,CLOIL,,,,,False,"""Strategy key 'step1_ichimoku_Ichimoku_T12_K26_SB65_ADX15' not found in /Users/andrey/GitHub_projects/BacktestBot/config/strategies.yaml"""
step1_ichimoku_Ichimoku_T12_K26_SB65_ADX20,,CLOIL,,,,,False,"""Strategy key 'step1_ichimoku_Ichimoku_T12_K26_SB65_ADX20' not found in /Users/andrey/GitHub_projects/BacktestBot/config/strategies.yaml"""
step1_ichimoku_Ichimoku_T12_K26_SB65_ADX25,,CLOIL,,,,,False,"""Strategy key 'step1_ichimoku_Ichimoku_T12_K26_SB65_ADX25' not found in /Users/andrey/GitHub_projects/BacktestBot/config/strategies.yaml"""
step1_ichimoku_Ichimoku_T12_K26_SB65_ADXNone,,CLOIL,,,,,False,"""Strategy key 'step1_ichimoku_Ichimoku_T12_K26_SB65_ADXNone' not found in /Users/andrey/GitHub_projects/BacktestBot/config/strategies.yaml"""
step1_ichimoku_Ichimoku_T12_K30_SB52_ADX15,,CLOIL,,,,,False,"""Strategy key 'step1_ichimoku_Ichimoku_T12_K30_SB52_ADX15' not found in /Users/andrey/GitHub_projects/BacktestBot/config/strategies.yaml"""
step1_ichimoku_Ichimoku_T12_K30_SB52_ADX20,,CLOIL,,,,,False,"""Strategy key 'step1_ichimoku_Ichimoku_T12_K30_SB52_ADX20' not found in /Users/andrey/GitHub_projects/BacktestBot/config/strategies.yaml"""
step1_ichimoku_Ichimoku_T12_K30_SB52_ADX25,,CLOIL,,,,,False,"""Strategy key 'step1_ichimoku_Ichimoku_T12_K30_SB52_ADX25' not found in /Users/andrey/GitHub_projects/BacktestBot/config/strategies.yaml"""
step1_ichimoku_Ichimoku_T12_K30_SB52_ADXNone,,CLOIL,,,,,False,"""Strategy key 'step1_ichimoku_Ichimoku_T12_K30_SB52_ADXNone' not found in /Users/andrey/GitHub_projects/BacktestBot/config/strategies.yaml"""
step1_ichimoku_Ichimoku_T12_K30_SB60_ADX15,,CLOIL,,,,,False,"""Strategy key 'step1_ichimoku_Ichimoku_T12_K30_SB60_ADX15' not found in /Users/andrey/GitHub_projects/BacktestBot/config/strategies.yaml"""
step1_ichimoku_Ichimoku_T12_K30_SB60_ADX20,,CLOIL,,,,,False,"""Strategy key 'step1_ichimoku_Ichimoku_T12_K30_SB60_ADX20' not found in /Users/andrey/GitHub_projects/BacktestBot/config/strategies.yaml"""
step1_ichimoku_Ichimoku_T12_K30_SB60_ADX25,,CLOIL,,,,,False,"""Strategy key 'step1_ichimoku_Ichimoku_T12_K30_SB60_ADX25' not found in /Users/andrey/GitHub_projects/BacktestBot/config/strategies.yaml"""
step1_ichimoku_Ichimoku_T12_K30_SB60_ADXNone,,CLOIL,,,,,False,"""Strategy key 'step1_ichimoku_Ichimoku_T12_K30_SB60_ADXNone' not found in /Users/andrey/GitHub_projects/BacktestBot/config/strategies.yaml"""
step1_ichimoku_Ichimoku_T12_K30_SB65_ADX15,,CLOIL,,,,,False,"""Strategy key 'step1_ichimoku_Ichimoku_T12_K30_SB65_ADX15' not found in /Users/andrey/GitHub_projects/BacktestBot/config/strategies.yaml"""
step1_ichimoku_Ichimoku_T12_K30_SB65_ADX20,,CLOIL,,,,,False,"""Strategy key 'step1_ichimoku_Ichimoku_T12_K30_SB65_ADX20' not found in /Users/andrey/GitHub_projects/BacktestBot/config/strategies.yaml"""
step1_ichimoku_Ichimoku_T12_K30_SB65_ADX25,,CLOIL,,,,,False,"""Strategy key 'step1_ichimoku_Ichimoku_T12_K30_SB65_ADX25' not found in /Users/andrey/GitHub_projects/BacktestBot/config/strategies.yaml"""
step1_ichimoku_Ichimoku_T12_K30_SB65_ADXNone,,CLOIL,,,,,False,"""Strategy key 'step1_ichimoku_Ichimoku_T12_K30_SB65_ADXNone' not found in /Users/andrey/GitHub_projects/BacktestBot/config/strategies.yaml"""
step1_ichimoku_Ichimoku_T12_K34_SB52_ADX15,,CLOIL,,,,,False,"""Strategy key 'step1_ichimoku_Ichimoku_T12_K34_SB52_ADX15' not found in /Users/andrey/GitHub_projects/BacktestBot/config/strategies.yaml"""
step1_ichimoku_Ichimoku_T12_K34_SB52_ADX20,,CLOIL,,,,,False,"""Strategy key 'step1_ichimoku_Ichimoku_T12_K34_SB52_ADX20' not found in /Users/andrey/GitHub_projects/BacktestBot/config/strategies.yaml"""
step1_ichimoku_Ichimoku_T12_K34_SB52_ADX25,,CLOIL,,,,,False,"""Strategy key 'step1_ichimoku_Ichimoku_T12_K34_SB52_ADX25' not found in /Users/andrey/GitHub_projects/BacktestBot/config/strategies.yaml"""
step1_ichimoku_Ichimoku_T12_K34_SB52_ADXNone,,CLOIL,,,,,False,"""Strategy key 'step1_ichimoku_Ichimoku_T12_K34_SB52_ADXNone' not found in /Users/andrey/GitHub_projects/BacktestBot/config/strategies.yaml"""
step1_ichimoku_Ichimoku_T12_K34_SB60_ADX15,,CLOIL,,,,,False,"""Strategy key 'step1_ichimoku_Ichimoku_T12_K34_SB60_ADX15' not found in /Users/andrey/GitHub_projects/BacktestBot/config/strategies.yaml"""
step1_ichimoku_Ichimoku_T12_K34_SB60_ADX20,,CLOIL,,,,,False,"""Strategy key 'step1_ichimoku_Ichimoku_T12_K34_SB60_ADX20' not found in /Users/andrey/GitHub_projects/BacktestBot/config/strategies.yaml"""
step1_ichimoku_Ichimoku_T12_K34_SB60_ADX25,,CLOIL,,,,,False,"""Strategy key 'step1_ichimoku_Ichimoku_T12_K34_SB60_ADX25' not found in /Users/andrey/GitHub_projects/BacktestBot/config/strategies.yaml"""
step1_ichimoku_Ichimoku_T12_K34_SB60_ADXNone,,CLOIL,,,,,False,"""Strategy key 'step1_ichimoku_Ichimoku_T12_K34_SB60_ADXNone' not found in /Users/andrey/GitHub_projects/BacktestBot/config/strategies.yaml"""
step1_ichimoku_Ichimoku_T12_K34_SB65_ADX15,,CLOIL,,,,,False,"""Strategy key 'step1_ichimoku_Ichimoku_T12_K34_SB65_ADX15' not found in /Users/andrey/GitHub_projects/BacktestBot/config/strategies.yaml"""
step1_ichimoku_Ichimoku_T12_K34_SB65_ADX20,,CLOIL,,,,,False,"""Strategy key 'step1_ichimoku_Ichimoku_T12_K34_SB65_ADX20' not found in /Users/andrey/GitHub_projects/BacktestBot/config/strategies.yaml"""
step1_ichimoku_Ichimoku_T12_K34_SB65_ADX25,,CLOIL,,,,,False,"""Strategy key 'step1_ichimoku_Ichimoku_T12_K34_SB65_ADX25' not found in /Users/andrey/GitHub_projects/BacktestBot/config/strategies.yaml"""
step1_ichimoku_Ichimoku_T12_K34_SB65_ADXNone,,CLOIL,,,,,False,"""Strategy key 'step1_ichimoku_Ichimoku_T12_K34_SB65_ADXNone' not found in /Users/andrey/GitHub_projects/BacktestBot/config/strategies.yaml"""
step1_ichimoku_Ichimoku_T15_K26_SB52_ADX15,,CLOIL,,,,,False,"""Strategy key 'step1_ichimoku_Ichimoku_T15_K26_SB52_ADX15' not found in /Users/andrey/GitHub_projects/BacktestBot/config/strategies.yaml"""
step1_ichimoku_Ichimoku_T15_K26_SB52_ADX20,,CLOIL,,,,,False,"""Strategy key 'step1_ichimoku_Ichimoku_T15_K26_SB52_ADX20' not found in /Users/andrey/GitHub_projects/BacktestBot/config/strategies.yaml"""
step1_ichimoku_Ichimoku_T15_K26_SB52_ADX25,,CLOIL,,,,,False,"""Strategy key 'step1_ichimoku_Ichimoku_T15_K26_SB52_ADX25' not found in /Users/andrey/GitHub_projects/BacktestBot/config/strategies.yaml"""
step1_ichimoku_Ichimoku_T15_K26_SB52_ADXNone,,CLOIL,,,,,False,"""Strategy key 'step1_ichimoku_Ichimoku_T15_K26_SB52_ADXNone' not found in /Users/andrey/GitHub_projects/BacktestBot/config/strategies.yaml"""
step1_ichimoku_Ichimoku_T15_K26_SB60_ADX15,,CLOIL,,,,,False,"""Strategy key 'step1_ichimoku_Ichimoku_T15_K26_SB60_ADX15' not found in /Users/andrey/GitHub_projects/BacktestBot/config/strategies.yaml"""
step1_ichimoku_Ichimoku_T15_K26_SB60_ADX20,,CLOIL,,,,,False,"""Strategy key 'step1_ichimoku_Ichimoku_T15_K26_SB60_ADX20' not found in /Users/andrey/GitHub_projects/BacktestBot/config/strategies.yaml"""
step1_ichimoku_Ichimoku_T15_K26_SB60_ADX25,,CLOIL,,,,,False,"""Strategy key 'step1_ichimoku_Ichimoku_T15_K26_SB60_ADX25' not found in /Users/andrey/GitHub_projects/BacktestBot/config/strategies.yaml"""
step1_ichimoku_Ichimoku_T15_K26_SB60_ADXNone,,CLOIL,,,,,False,"""Strategy key 'step1_ichimoku_Ichimoku_T15_K26_SB60_ADXNone' not found in /Users/andrey/GitHub_projects/BacktestBot/config/strategies.yaml"""
step1_ichimoku_Ichimoku_T15_K26_SB65_ADX15,,CLOIL,,,,,False,"""Strategy key 'step1_ichimoku_Ichimoku_T15_K26_SB65_ADX15' not found in /Users/andrey/GitHub_projects/BacktestBot/config/strategies.yaml"""
step1_ichimoku_Ichimoku_T15_K26_SB65_ADX20,,CLOIL,,,,,False,"""Strategy key 'step1_ichimoku_Ichimoku_T15_K26_SB65_ADX20' not found in /Users/andrey/GitHub_projects/BacktestBot/config/strategies.yaml"""
step1_ichimoku_Ichimoku_T15_K26_SB65_ADX25,,CLOIL,,,,,False,"""Strategy key 'step1_ichimoku_Ichimoku_T15_K26_SB65_ADX25' not found in /Users/andrey/GitHub_projects/BacktestBot/config/strategies.yaml"""
step1_ichimoku_Ichimoku_T15_K26_SB65_ADXNone,,CLOIL,,,,,False,"""Strategy key 'step1_ichimoku_Ichimoku_T15_K26_SB65_ADXNone' not found in /Users/andrey/GitHub_projects/BacktestBot/config/strategies.yaml"""
step1_ichimoku_Ichimoku_T15_K30_SB52_ADX15,,CLOIL,,,,,False,"""Strategy key 'step1_ichimoku_Ichimoku_T15_K30_SB52_ADX15' not found in /Users/andrey/GitHub_projects/BacktestBot/config/strategies.yaml"""
step1_ichimoku_Ichimoku_T15_K30_SB52_ADX20,,CLOIL,,,,,False,"""Strategy key 'step1_ichimoku_Ichimoku_T15_K30_SB52_ADX20' not found in /Users/andrey/GitHub_projects/BacktestBot/config/strategies.yaml"""
step1_ichimoku_Ichimoku_T15_K30_SB52_ADX25,,CLOIL,,,,,False,"""Strategy key 'step1_ichimoku_Ichimoku_T15_K30_SB52_ADX25' not found in /Users/andrey/GitHub_projects/BacktestBot/config/strategies.yaml"""
step1_ichimoku_Ichimoku_T15_K30_SB52_ADXNone,,CLOIL,,,,,False,"""Strategy key 'step1_ichimoku_Ichimoku_T15_K30_SB52_ADXNone' not found in /Users/andrey/GitHub_projects/BacktestBot/config/strategies.yaml"""
step1_ichimoku_Ichimoku_T15_K30_SB60_ADX15,,CLOIL,,,,,False,"""Strategy key 'step1_ichimoku_Ichimoku_T15_K30_SB60_ADX15' not found in /Users/andrey/GitHub_projects/BacktestBot/config/strategies.yaml"""
step1_ichimoku_Ichimoku_T15_K30_SB60_ADX20,,CLOIL,,,,,False,"""Strategy key 'step1_ichimoku_Ichimoku_T15_K30_SB60_ADX20' not found in /Users/andrey/GitHub_projects/BacktestBot/config/strategies.yaml"""
step1_ichimoku_Ichimoku_T15_K30_SB60_ADX25,,CLOIL,,,,,False,"""Strategy key 'step1_ichimoku_Ichimoku_T15_K30_SB60_ADX25' not found in /Users/andrey/GitHub_projects/BacktestBot/config/strategies.yaml"""
step1_ichimoku_Ichimoku_T15_K30_SB60_ADXNone,,CLOIL,,,,,False,"""Strategy key 'step1_ichimoku_Ichimoku_T15_K30_SB60_ADXNone' not found in /Users/andrey/GitHub_projects/BacktestBot/config/strategies.yaml"""
step1_ichimoku_Ichimoku_T15_K30_SB65_ADX15,,CLOIL,,,,,False,"""Strategy key 'step1_ichimoku_Ichimoku_T15_K30_SB65_ADX15' not found in /Users/andrey/GitHub_projects/BacktestBot/config/strategies.yaml"""
step1_ichimoku_Ichimoku_T15_K30_SB65_ADX20,,CLOIL,,,,,False,"""Strategy key 'step1_ichimoku_Ichimoku_T15_K30_SB65_ADX20' not found in /Users/andrey/GitHub_projects/BacktestBot/config/strategies.yaml"""
step1_ichimoku_Ichimoku_T15_K30_SB65_ADX25,,CLOIL,,,,,False,"""Strategy key 'step1_ichimoku_Ichimoku_T15_K30_SB65_ADX25' not found in /Users/andrey/GitHub_projects/BacktestBot/config/strategies.yaml"""
step1_ichimoku_Ichimoku_T15_K30_SB65_ADXNone,,CLOIL,,,,,False,"""Strategy key 'step1_ichimoku_Ichimoku_T15_K30_SB65_ADXNone' not found in /Users/andrey/GitHub_projects/BacktestBot/config/strategies.yaml"""
step1_ichimoku_Ichimoku_T15_K34_SB52_ADX15,,CLOIL,,,,,False,"""Strategy key 'step1_ichimoku_Ichimoku_T15_K34_SB52_ADX15' not found in /Users/andrey/GitHub_projects/BacktestBot/config/strategies.yaml"""
step1_ichimoku_Ichimoku_T15_K34_SB52_ADX20,,CLOIL,,,,,False,"""Strategy key 'step1_ichimoku_Ichimoku_T15_K34_SB52_ADX20' not found in /Users/andrey/GitHub_projects/BacktestBot/config/strategies.yaml"""
step1_ichimoku_Ichimoku_T15_K34_SB52_ADX25,,CLOIL,,,,,False,"""Strategy key 'step1_ichimoku_Ichimoku_T15_K34_SB52_ADX25' not found in /Users/andrey/GitHub_projects/BacktestBot/config/strategies.yaml"""
step1_ichimoku_Ichimoku_T15_K34_SB52_ADXNone,,CLOIL,,,,,False,"""Strategy key 'step1_ichimoku_Ichimoku_T15_K34_SB52_ADXNone' not found in /Users/andrey/GitHub_projects/BacktestBot/config/strategies.yaml"""
step1_ichimoku_Ichimoku_T15_K34_SB60_ADX15,,CLOIL,,,,,False,"""Strategy key 'step1_ichimoku_Ichimoku_T15_K34_SB60_ADX15' not found in /Users/andrey/GitHub_projects/BacktestBot/config/strategies.yaml"""
step1_ichimoku_Ichimoku_T15_K34_SB60_ADX20,,CLOIL,,,,,False,"""Strategy key 'step1_ichimoku_Ichimoku_T15_K34_SB60_ADX20' not found in /Users/andrey/GitHub_projects/BacktestBot/config/strategies.yaml"""
step1_ichimoku_Ichimoku_T15_K34_SB60_ADX25,,CLOIL,,,,,False,"""Strategy key 'step1_ichimoku_Ichimoku_T15_K34_SB60_ADX25' not found in /Users/andrey/GitHub_projects/BacktestBot/config/strategies.yaml"""
step1_ichimoku_Ichimoku_T15_K34_SB60_ADXNone,,CLOIL,,,,,False,"""Strategy key 'step1_ichimoku_Ichimoku_T15_K34_SB60_ADXNone' not found in /Users/andrey/GitHub_projects/BacktestBot/config/strategies.yaml"""
step1_ichimoku_Ichimoku_T15_K34_SB65_ADX15,,CLOIL,,,,,False,"""Strategy key 'step1_ichimoku_Ichimoku_T15_K34_SB65_ADX15' not found in /Users/andrey/GitHub_projects/BacktestBot/config/strategies.yaml"""
step1_ichimoku_Ichimoku_T15_K34_SB65_ADX20,,CLOIL,,,,,False,"""Strategy key 'step1_ichimoku_Ichimoku_T15_K34_SB65_ADX20' not found in /Users/andrey/GitHub_projects/BacktestBot/config/strategies.yaml"""
step1_ichimoku_Ichimoku_T15_K34_SB65_ADX25,,CLOIL,,,,,False,"""Strategy key 'step1_ichimoku_Ichimoku_T15_K34_SB65_ADX25' not found in /Users/andrey/GitHub_projects/BacktestBot/config/strategies.yaml"""
step1_ichimoku_Ichimoku_T15_K34_SB65_ADXNone,,CLOIL,,,,,False,"""Strategy key 'step1_ichimoku_Ichimoku_T15_K34_SB65_ADXNone' not found in /Users/andrey/GitHub_projects/BacktestBot/config/strategies.yaml"""
step1_macd_MACD_F10_S24_Sig7,,CLOIL,,,,,False,"""Strategy key 'step1_macd_MACD_F10_S24_Sig7' not found in /Users/andrey/GitHub_projects/BacktestBot/config/strategies.yaml"""
step1_macd_MACD_F10_S24_Sig9,,CLOIL,,,,,False,"""Strategy key 'step1_macd_MACD_F10_S24_Sig9' not found in /Users/andrey/GitHub_projects/BacktestBot/config/strategies.yaml"""
step1_macd_MACD_F10_S24_Sig11,,CLOIL,,,,,False,"""Strategy key 'step1_macd_MACD_F10_S24_Sig11' not found in /Users/andrey/GitHub_projects/BacktestBot/config/strategies.yaml"""
step1_macd_MACD_F10_S26_Sig7,,CLOIL,,,,,False,"""Strategy key 'step1_macd_MACD_F10_S26_Sig7' not found in /Users/andrey/GitHub_projects/BacktestBot/config/strategies.yaml"""
step1_macd_MACD_F10_S26_Sig9,,CLOIL,,,,,False,"""Strategy key 'step1_macd_MACD_F10_S26_Sig9' not found in /Users/andrey/GitHub_projects/BacktestBot/config/strategies.yaml"""
step1_macd_MACD_F10_S26_Sig11,,CLOIL,,,,,False,"""Strategy key 'step1_macd_MACD_F10_S26_Sig11' not found in /Users/andrey/GitHub_projects/BacktestBot/config/strategies.yaml"""
step1_macd_MACD_F10_S28_Sig7,,CLOIL,,,,,False,"""Strategy key 'step1_macd_MACD_F10_S28_Sig7' not found in /Users/andrey/GitHub_projects/BacktestBot/config/strategies.yaml"""
step1_macd_MACD_F10_S28_Sig9,,CLOIL,,,,,False,"""Strategy key 'step1_macd_MACD_F10_S28_Sig9' not found in /Users/andrey/GitHub_projects/BacktestBot/config/strategies.yaml"""
step1_macd_MACD_F10_S28_Sig11,,CLOIL,,,,,False,"""Strategy key 'step1_macd_MACD_F10_S28_Sig11' not found in /Users/andrey/GitHub_projects/BacktestBot/config/strategies.yaml"""
step1_macd_MACD_F12_S24_Sig7,,CLOIL,,,,,False,"""Strategy key 'step1_macd_MACD_F12_S24_Sig7' not found in /Users/andrey/GitHub_projects/BacktestBot/config/strategies.yaml"""
step1_macd_MACD_F12_S24_Sig9,,CLOIL,,,,,False,"""Strategy key 'step1_macd_MACD_F12_S24_Sig9' not found in /Users/andrey/GitHub_projects/BacktestBot/config/strategies.yaml"""
step1_macd_MACD_F12_S24_Sig11,,CLOIL,,,,,False,"""Strategy key 'step1_macd_MACD_F12_S24_Sig11' not found in /Users/andrey/GitHub_projects/BacktestBot/config/strategies.yaml"""
step1_macd_MACD_F12_S26_Sig7,,CLOIL,,,,,False,"""Strategy key 'step1_macd_MACD_F12_S26_Sig7' not found in /Users/andrey/GitHub_projects/BacktestBot/config/strategies.yaml"""
step1_macd_MACD_F12_S26_Sig9,,CLOIL,,,,,False,"""Strategy key 'step1_macd_MACD_F12_S26_Sig9' not found in /Users/andrey/GitHub_projects/BacktestBot/config/strategies.yaml"""
step1_macd_MACD_F12_S26_Sig11,,CLOIL,,,,,False,"""Strategy key 'step1_macd_MACD_F12_S26_Sig11' not found in /Users/andrey/GitHub_projects/BacktestBot/config/strategies.yaml"""
step1_macd_MACD_F12_S28_Sig7,,CLOIL,,,,,False,"""Strategy key 'step1_macd_MACD_F12_S28_Sig7' not found in /Users/andrey/GitHub_projects/BacktestBot/config/strategies.yaml"""
step1_macd_MACD_F12_S28_Sig9,,CLOIL,,,,,False,"""Strategy key 'step1_macd_MACD_F12_S28_Sig9' not found in /Users/andrey/GitHub_projects/BacktestBot/config/strategies.yaml"""
step1_macd_MACD_F12_S28_Sig11,,CLOIL,,,,,False,"""Strategy key 'step1_macd_MACD_F12_S28_Sig11' not found in /Users/andrey/GitHub_projects/BacktestBot/config/strategies.yaml"""
step1_macd_MACD_F14_S24_Sig7,,CLOIL,,,,,False,"""Strategy key 'step1_macd_MACD_F14_S24_Sig7' not found in /Users/andrey/GitHub_projects/BacktestBot/config/strategies.yaml"""
step1_macd_MACD_F14_S24_Sig9,,CLOIL,,,,,False,"""Strategy key 'step1_macd_MACD_F14_S24_Sig9' not found in /Users/andrey/GitHub_projects/BacktestBot/config/strategies.yaml"""
step1_macd_MACD_F14_S24_Sig11,,CLOIL,,,,,False,"""Strategy key 'step1_macd_MACD_F14_S24_Sig11' not found in /Users/andrey/GitHub_projects/BacktestBot/config/strategies.yaml"""
step1_macd_MACD_F14_S26_Sig7,,CLOIL,,,,,False,"""Strategy key 'step1_macd_MACD_F14_S26_Sig7' not found in /Users/andrey/GitHub_projects/BacktestBot/config/strategies.yaml"""
step1_macd_MACD_F14_S26_Sig9,,CLOIL,,,,,False,"""Strategy key 'step1_macd_MACD_F14_S26_Sig9' not found in /Users/andrey/GitHub_projects/BacktestBot/config/strategies.yaml"""
step1_macd_MACD_F14_S26_Sig11,,CLOIL,,,,,False,"""Strategy key 'step1_macd_MACD_F14_S26_Sig11' not found in /Users/andrey/GitHub_projects/BacktestBot/config/strategies.yaml"""
step1_macd_MACD_F14_S28_Sig7,,CLOIL,,,,,False,"""Strategy key 'step1_macd_MACD_F14_S28_Sig7' not found in /Users/andrey/GitHub_projects/BacktestBot/config/strategies.yaml"""
step1_macd_MACD_F14_S28_Sig9,,CLOIL,,,,,False,"""Strategy key 'step1_macd_MACD_F14_S28_Sig9' not found in /Users/andrey/GitHub_projects/BacktestBot/config/strategies.yaml"""
step1_macd_MACD_F14_S28_Sig11,,CLOIL,,,,,False,"""Strategy key 'step1_macd_MACD_F14_S28_Sig11' not found in /Users/andrey/GitHub_projects/BacktestBot/config/strategies.yaml"""
step1_psar_PSAR_AF0.01_Max0.15,,CLOIL,,,,,False,"""Strategy key 'step1_psar_PSAR_AF0.01_Max0.15' not found in /Users/andrey/GitHub_projects/BacktestBot/config/strategies.yaml"""
step1_psar_PSAR_AF0.01_Max0.2,,CLOIL,,,,,False,"""Strategy key 'step1_psar_PSAR_AF0.01_Max0.2' not found in /Users/andrey/GitHub_projects/BacktestBot/config/strategies.yaml"""
step1_psar_PSAR_AF0.01_Max0.25,,CLOIL,,,,,False,"""Strategy key 'step1_psar_PSAR_AF0.01_Max0.25' not found in /Users/andrey/GitHub_projects/BacktestBot/config/strategies.yaml"""
step1_psar_PSAR_AF0.02_Max0.15,,CLOIL,,,,,False,"""Strategy key 'step1_psar_PSAR_AF0.02_Max0.15' not found in /Users/andrey/GitHub_projects/BacktestBot/config/strategies.yaml"""
step1_psar_PSAR_AF0.02_Max0.2,,CLOIL,,,,,False,"""Strategy key 'step1_psar_PSAR_AF0.02_Max0.2' not found in /Users/andrey/GitHub_projects/BacktestBot/config/strategies.yaml"""
step1_psar_PSAR_AF0.02_Max0.25,,CLOIL,,,,,False,"""Strategy key 'step1_psar_PSAR_AF0.02_Max0.25' not found in /Users/andrey/GitHub_projects/BacktestBot/config/strategies.yaml"""
step1_psar_PSAR_AF0.03_Max0.15,,CLOIL,,,,,False,"""Strategy key 'step1_psar_PSAR_AF0.03_Max0.15' not found in /Users/andrey/GitHub_projects/BacktestBot/config/strategies.yaml"""
step1_psar_PSAR_AF0.03_Max0.2,,CLOIL,,,,,False,"""Strategy key 'step1_psar_PSAR_AF0.03_Max0.2' not found in /Users/andrey/GitHub_projects/BacktestBot/config/strategies.yaml"""
step1_psar_PSAR_AF0.03_Max0.25,,CLOIL,,,,,False,"""Strategy key 'step1_psar_PSAR_AF0.03_Max0.25' not found in /Users/andrey/GitHub_projects/BacktestBot/config/strategies.yaml"""
